<configuration>
    <property resource="application-config.properties"/>
	<appender name="STDOUT" class="ch.qos.logback.core.ConsoleAppender">
       <layout class="ch.qos.logback.classic.PatternLayout">
            <pattern>%d{dd-MM-yyyy hh:mm:ss.SSS} ${Environment} [%F:%M:%L] ${InstanceId} [%thread] %-5level %logger{36} %X{SERVER_NAME} %X{USER} ${SERVICE_NAME} %X{TID} - %msg%n</pattern>
       </layout>
    </appender>
	
	<appender name="TIME_BASED_FILE" class="ch.qos.logback.core.rolling.RollingFileAppender">
	<file>${APPROOT}/logs/flowservice.log</file>
	  	<rollingPolicy class="ch.qos.logback.core.rolling.TimeBasedRollingPolicy">
	     	<fileNamePattern>${APPROOT}/logs/flowservice.%d{yyyy-MM-dd}.log</fileNamePattern>
  		</rollingPolicy>
        <layout class="ch.qos.logback.classic.PatternLayout">
            <pattern>%d{dd-MM-yyyy hh:mm:ss.SSS} ${Environment} [%F:%M:%L] ${InstanceId} [%thread] %-5level %logger{36} %X{SERVER_NAME} %X{USER} ${SERVICE_NAME} %X{TID} - %msg%n</pattern>
       </layout>
	</appender>
      <root level="info">
        <appender-ref ref="TIME_BASED_FILE" />
        <appender-ref ref="STDOUT" />
    </root>
</configuration>